data,model,phonol_emb,fixed_emb,emsize,nhid,nlayers,lr,anneal_factor,anneal_train,patience,clip,epochs,dropout,tied,seed,cuda,stress,log_interval,save_dir,summary,condition,run,feat_tree,alphabet,set_unset_nodes,random_reset,dropout:,epoch,train_loss,val_loss,val_ppl,epoch_time,current_lr,run_cond
data/processed/,LSTM,True,False,68,512,2,0.5,0,False,0,5,25,0.2,False,0,True,False,200,results/grid_af/0-0,results/grid_af/summary_grid_af.csv,0,0,Futrell,IPA,True,False,0.2,1,2.2720,2.4284,11.340885081712136,158.86610388755798,0.5,0-0
data/processed/,LSTM,True,False,68,512,2,0.5,0,False,0,5,25,0.2,False,0,True,False,200,results/grid_af/0-0,results/grid_af/summary_grid_af.csv,0,0,Futrell,IPA,True,False,0.2,2,2.1379,2.3896,10.908799524457596,148.95964646339417,0.5,0-0
data/processed/,LSTM,True,False,68,512,2,0.5,0,False,0,5,25,0.2,False,0,True,False,200,results/grid_af/0-0,results/grid_af/summary_grid_af.csv,0,0,Futrell,IPA,True,False,0.2,3,2.0994,2.3224,10.200223479669988,152.41616463661194,0.5,0-0
data/processed/,LSTM,True,False,68,512,2,0.5,0,False,0,5,25,0.2,False,0,True,False,200,results/grid_af/0-0,results/grid_af/summary_grid_af.csv,0,0,Futrell,IPA,True,False,0.2,4,2.0757,2.2827,9.80347600012531,152.90662789344788,0.5,0-0
data/processed/,LSTM,True,False,68,512,2,0.5,0,False,0,5,25,0.2,False,0,True,False,200,results/grid_af/0-0,results/grid_af/summary_grid_af.csv,0,0,Futrell,IPA,True,False,0.2,5,2.0565,2.2645,9.62608209477632,152.10980439186096,0.5,0-0
data/processed/,LSTM,True,False,68,512,2,0.5,0,False,0,5,25,0.2,False,0,True,False,200,results/grid_af/0-0,results/grid_af/summary_grid_af.csv,0,0,Futrell,IPA,True,False,0.2,6,2.0385,2.2074,9.092133783352013,150.0998294353485,0.5,0-0
data/processed/,LSTM,True,False,68,512,2,0.5,0,False,0,5,25,0.2,False,0,True,False,200,results/grid_af/0-0,results/grid_af/summary_grid_af.csv,0,0,Futrell,IPA,True,False,0.2,7,2.0235,2.1608,8.678128897477198,153.77878332138062,0.5,0-0
data/processed/,LSTM,True,False,68,512,2,0.5,0,False,0,5,25,0.2,False,0,True,False,200,results/grid_af/0-0,results/grid_af/summary_grid_af.csv,0,0,Futrell,IPA,True,False,0.2,8,2.0088,2.1451,8.542865929615472,150.93420147895813,0.5,0-0
data/processed/,LSTM,True,False,68,512,2,0.5,0,False,0,5,25,0.2,False,0,True,False,200,results/grid_af/0-0,results/grid_af/summary_grid_af.csv,0,0,Futrell,IPA,True,False,0.2,9,1.9935,2.1793,8.839916404001704,148.99208426475525,0.5,0-0
data/processed/,LSTM,True,False,68,512,2,0.5,0,False,0,5,25,0.2,False,0,True,False,200,results/grid_af/0-0,results/grid_af/summary_grid_af.csv,0,0,Futrell,IPA,True,False,0.2,10,1.9793,2.1793,8.839916404001704,152.4856026172638,0.0,0-0
data/processed/,LSTM,True,False,68,512,2,0.5,0,False,0,5,25,0.2,False,0,True,False,200,results/grid_af/0-0,results/grid_af/summary_grid_af.csv,0,0,Futrell,IPA,True,False,0.2,11,1.9789,2.1793,8.839916404001704,150.638286113739,0.0,0-0
data/processed/,LSTM,True,False,68,512,2,0.5,0,False,0,5,25,0.2,False,0,True,False,200,results/grid_af/0-0,results/grid_af/summary_grid_af.csv,0,0,Futrell,IPA,True,False,0.2,12,1.9793,2.1793,8.839916404001704,151.1623249053955,0.0,0-0
data/processed/,LSTM,True,False,68,512,2,0.5,0,False,0,5,25,0.2,False,0,True,False,200,results/grid_af/0-0,results/grid_af/summary_grid_af.csv,0,0,Futrell,IPA,True,False,0.2,13,1.9795,2.1793,8.839916404001704,149.82138180732727,0.0,0-0
data/processed/,LSTM,True,False,68,512,2,0.5,0,False,0,5,25,0.2,False,0,True,False,200,results/grid_af/0-0,results/grid_af/summary_grid_af.csv,0,0,Futrell,IPA,True,False,0.2,14,1.9791,2.1793,8.839916404001704,150.11406826972961,0.0,0-0
data/processed/,LSTM,True,False,68,512,2,0.5,0,False,0,5,25,0.2,False,0,True,False,200,results/grid_af/0-0,results/grid_af/summary_grid_af.csv,0,0,Futrell,IPA,True,False,0.2,15,1.9793,2.1793,8.839916404001704,153.80583906173706,0.0,0-0
data/processed/,LSTM,True,False,68,512,2,0.5,0,False,0,5,25,0.2,False,0,True,False,200,results/grid_af/0-0,results/grid_af/summary_grid_af.csv,0,0,Futrell,IPA,True,False,0.2,16,1.9788,2.1793,8.839916404001704,149.8740587234497,0.0,0-0
data/processed/,LSTM,True,False,68,512,2,0.5,0,False,0,5,25,0.2,False,0,True,False,200,results/grid_af/0-0,results/grid_af/summary_grid_af.csv,0,0,Futrell,IPA,True,False,0.2,17,1.9789,2.1793,8.839916404001704,153.14296126365662,0.0,0-0
data/processed/,LSTM,True,False,68,512,2,0.5,0,False,0,5,25,0.2,False,0,True,False,200,results/grid_af/0-0,results/grid_af/summary_grid_af.csv,0,0,Futrell,IPA,True,False,0.2,18,1.9789,2.1793,8.839916404001704,150.62302684783936,0.0,0-0
data/processed/,LSTM,True,False,68,512,2,0.5,0,False,0,5,25,0.2,False,0,True,False,200,results/grid_af/0-0,results/grid_af/summary_grid_af.csv,0,0,Futrell,IPA,True,False,0.2,19,1.9793,2.1793,8.839916404001704,157.57438349723816,0.0,0-0
data/processed/,LSTM,True,False,68,512,2,0.5,0,False,0,5,25,0.2,False,0,True,False,200,results/grid_af/0-0,results/grid_af/summary_grid_af.csv,0,0,Futrell,IPA,True,False,0.2,20,1.9789,2.1793,8.839916404001704,153.67809915542603,0.0,0-0
data/processed/,LSTM,True,False,68,512,2,0.5,0,False,0,5,25,0.2,False,0,True,False,200,results/grid_af/0-0,results/grid_af/summary_grid_af.csv,0,0,Futrell,IPA,True,False,0.2,21,1.9792,2.1793,8.839916404001704,154.19164061546326,0.0,0-0
data/processed/,LSTM,True,False,68,512,2,0.5,0,False,0,5,25,0.2,False,0,True,False,200,results/grid_af/0-0,results/grid_af/summary_grid_af.csv,0,0,Futrell,IPA,True,False,0.2,22,1.9783,2.1793,8.839916404001704,148.1671621799469,0.0,0-0
data/processed/,LSTM,True,False,68,512,2,0.5,0,False,0,5,25,0.2,False,0,True,False,200,results/grid_af/0-0,results/grid_af/summary_grid_af.csv,0,0,Futrell,IPA,True,False,0.2,23,1.9788,2.1793,8.839916404001704,150.98691773414612,0.0,0-0
data/processed/,LSTM,True,False,68,512,2,0.5,0,False,0,5,25,0.2,False,0,True,False,200,results/grid_af/0-0,results/grid_af/summary_grid_af.csv,0,0,Futrell,IPA,True,False,0.2,24,1.9783,2.1793,8.839916404001704,152.85142135620117,0.0,0-0
data/processed/,LSTM,True,False,68,512,2,0.5,0,False,0,5,25,0.2,False,0,True,False,200,results/grid_af/0-0,results/grid_af/summary_grid_af.csv,0,0,Futrell,IPA,True,False,0.2,25,1.9790,2.1793,8.839916404001704,154.47256088256836,0.0,0-0
data/processed/,LSTM,True,False,68,512,2,0.5,0.25,False,0,5,25,0.2,False,0,True,False,200,results/grid_af/1-0,results/grid_af/summary_grid_af.csv,1,0,Futrell,IPA,True,False,0.2,1,2.2731,2.4896,12.056678975720168,153.2873044013977,0.5,1-0
data/processed/,LSTM,True,False,68,512,2,0.5,0.25,False,0,5,25,0.2,False,0,True,False,200,results/grid_af/1-0,results/grid_af/summary_grid_af.csv,1,0,Futrell,IPA,True,False,0.2,2,2.1363,2.3598,10.588450807859948,149.888090133667,0.5,1-0
data/processed/,LSTM,True,False,68,512,2,0.5,0.25,False,0,5,25,0.2,False,0,True,False,200,results/grid_af/1-0,results/grid_af/summary_grid_af.csv,1,0,Futrell,IPA,True,False,0.2,3,2.0975,2.2804,9.780531604740858,153.69437742233276,0.5,1-0
data/processed/,LSTM,True,False,68,512,2,0.5,0.25,False,0,5,25,0.2,False,0,True,False,200,results/grid_af/1-0,results/grid_af/summary_grid_af.csv,1,0,Futrell,IPA,True,False,0.2,4,2.0737,2.2431,9.42292870079507,150.60823011398315,0.5,1-0
data/processed/,LSTM,True,False,68,512,2,0.5,0.25,False,0,5,25,0.2,False,0,True,False,200,results/grid_af/1-0,results/grid_af/summary_grid_af.csv,1,0,Futrell,IPA,True,False,0.2,5,2.0545,2.2536,9.52156391930178,160.06369137763977,0.5,1-0
data/processed/,LSTM,True,False,68,512,2,0.5,0.25,False,0,5,25,0.2,False,0,True,False,200,results/grid_af/1-0,results/grid_af/summary_grid_af.csv,1,0,Futrell,IPA,True,False,0.2,6,1.9950,2.1739,8.79226809127209,152.3554401397705,0.125,1-0
data/processed/,LSTM,True,False,68,512,2,0.5,0.25,False,0,5,25,0.2,False,0,True,False,200,results/grid_af/1-0,results/grid_af/summary_grid_af.csv,1,0,Futrell,IPA,True,False,0.2,7,1.9805,2.1701,8.759067795624462,157.65334224700928,0.125,1-0
data/processed/,LSTM,True,False,68,512,2,0.5,0.25,False,0,5,25,0.2,False,0,True,False,200,results/grid_af/1-0,results/grid_af/summary_grid_af.csv,1,0,Futrell,IPA,True,False,0.2,8,1.9707,2.1337,8.445976032633327,155.6580309867859,0.125,1-0
data/processed/,LSTM,True,False,68,512,2,0.5,0.25,False,0,5,25,0.2,False,0,True,False,200,results/grid_af/1-0,results/grid_af/summary_grid_af.csv,1,0,Futrell,IPA,True,False,0.2,9,1.9606,2.1208,8.337952322008134,152.04751992225647,0.125,1-0
data/processed/,LSTM,True,False,68,512,2,0.5,0.25,False,0,5,25,0.2,False,0,True,False,200,results/grid_af/1-0,results/grid_af/summary_grid_af.csv,1,0,Futrell,IPA,True,False,0.2,10,1.9502,2.1045,8.202910973634657,149.31122660636902,0.125,1-0
data/processed/,LSTM,True,False,68,512,2,0.5,0.25,False,0,5,25,0.2,False,0,True,False,200,results/grid_af/1-0,results/grid_af/summary_grid_af.csv,1,0,Futrell,IPA,True,False,0.2,11,1.9401,2.1115,8.260786604250908,149.78727984428406,0.125,1-0
data/processed/,LSTM,True,False,68,512,2,0.5,0.25,False,0,5,25,0.2,False,0,True,False,200,results/grid_af/1-0,results/grid_af/summary_grid_af.csv,1,0,Futrell,IPA,True,False,0.2,12,1.9091,2.0938,8.115497544452762,156.6737163066864,0.03125,1-0
data/processed/,LSTM,True,False,68,512,2,0.5,0.25,False,0,5,25,0.2,False,0,True,False,200,results/grid_af/1-0,results/grid_af/summary_grid_af.csv,1,0,Futrell,IPA,True,False,0.2,13,1.9011,2.0912,8.095000144008717,154.2875895500183,0.03125,1-0
data/processed/,LSTM,True,False,68,512,2,0.5,0.25,False,0,5,25,0.2,False,0,True,False,200,results/grid_af/1-0,results/grid_af/summary_grid_af.csv,1,0,Futrell,IPA,True,False,0.2,14,1.8942,2.0852,8.04608411552762,156.11821031570435,0.03125,1-0
data/processed/,LSTM,True,False,68,512,2,0.5,0.25,False,0,5,25,0.2,False,0,True,False,200,results/grid_af/1-0,results/grid_af/summary_grid_af.csv,1,0,Futrell,IPA,True,False,0.2,15,1.8884,2.0856,8.049535942104779,161.3845248222351,0.03125,1-0
data/processed/,LSTM,True,False,68,512,2,0.5,0.25,False,0,5,25,0.2,False,0,True,False,200,results/grid_af/1-0,results/grid_af/summary_grid_af.csv,1,0,Futrell,IPA,True,False,0.2,16,1.8766,2.0799,8.003796570077606,151.6414759159088,0.0078125,1-0
data/processed/,LSTM,True,False,68,512,2,0.5,0.25,False,0,5,25,0.2,False,0,True,False,200,results/grid_af/1-0,results/grid_af/summary_grid_af.csv,1,0,Futrell,IPA,True,False,0.2,17,1.8745,2.0780,7.988798407354678,149.11131119728088,0.0078125,1-0
data/processed/,LSTM,True,False,68,512,2,0.5,0.25,False,0,5,25,0.2,False,0,True,False,200,results/grid_af/1-0,results/grid_af/summary_grid_af.csv,1,0,Futrell,IPA,True,False,0.2,18,1.8726,2.0781,7.9896174608635935,156.11544680595398,0.0078125,1-0
data/processed/,LSTM,True,False,68,512,2,0.5,0.25,False,0,5,25,0.2,False,0,True,False,200,results/grid_af/1-0,results/grid_af/summary_grid_af.csv,1,0,Futrell,IPA,True,False,0.2,19,1.8692,2.0748,7.9626538645533245,157.92259454727173,0.001953125,1-0
data/processed/,LSTM,True,False,68,512,2,0.5,0.25,False,0,5,25,0.2,False,0,True,False,200,results/grid_af/1-0,results/grid_af/summary_grid_af.csv,1,0,Futrell,IPA,True,False,0.2,20,1.8682,2.0750,7.9647101455390485,165.13971757888794,0.001953125,1-0
data/processed/,LSTM,True,False,68,512,2,0.5,0.25,False,0,5,25,0.2,False,0,True,False,200,results/grid_af/1-0,results/grid_af/summary_grid_af.csv,1,0,Futrell,IPA,True,False,0.2,21,1.8661,2.0745,7.960899894929966,152.4316966533661,0.00048828125,1-0
data/processed/,LSTM,True,False,68,512,2,0.5,0.25,False,0,5,25,0.2,False,0,True,False,200,results/grid_af/1-0,results/grid_af/summary_grid_af.csv,1,0,Futrell,IPA,True,False,0.2,22,1.8669,2.0744,7.959429060328418,153.91452503204346,0.00048828125,1-0
data/processed/,LSTM,True,False,68,512,2,0.5,0.25,False,0,5,25,0.2,False,0,True,False,200,results/grid_af/1-0,results/grid_af/summary_grid_af.csv,1,0,Futrell,IPA,True,False,0.2,23,1.8657,2.0742,7.958404381377316,150.88947463035583,0.0001220703125,1-0
data/processed/,LSTM,True,False,68,512,2,0.5,0.25,False,0,5,25,0.2,False,0,True,False,200,results/grid_af/1-0,results/grid_af/summary_grid_af.csv,1,0,Futrell,IPA,True,False,0.2,24,1.8668,2.0741,7.957666314764076,156.79902124404907,0.0001220703125,1-0
data/processed/,LSTM,True,False,68,512,2,0.5,0.25,False,0,5,25,0.2,False,0,True,False,200,results/grid_af/1-0,results/grid_af/summary_grid_af.csv,1,0,Futrell,IPA,True,False,0.2,25,1.8656,2.0741,7.95731912458247,153.25708293914795,3.0517578125e-05,1-0
data/processed/,LSTM,True,False,68,512,2,0.5,0.5,False,0,5,25,0.2,False,0,True,False,200,results/grid_af/2-0,results/grid_af/summary_grid_af.csv,2,0,Futrell,IPA,True,False,0.2,1,2.2734,2.4557,11.654587981664292,149.65286469459534,0.5,2-0
data/processed/,LSTM,True,False,68,512,2,0.5,0.5,False,0,5,25,0.2,False,0,True,False,200,results/grid_af/2-0,results/grid_af/summary_grid_af.csv,2,0,Futrell,IPA,True,False,0.2,2,2.1371,2.3132,10.106919239681602,159.4899492263794,0.5,2-0
data/processed/,LSTM,True,False,68,512,2,0.5,0.5,False,0,5,25,0.2,False,0,True,False,200,results/grid_af/2-0,results/grid_af/summary_grid_af.csv,2,0,Futrell,IPA,True,False,0.2,3,2.0989,2.2850,9.825829968609264,151.78964281082153,0.5,2-0
data/processed/,LSTM,True,False,68,512,2,0.5,0.5,False,0,5,25,0.2,False,0,True,False,200,results/grid_af/2-0,results/grid_af/summary_grid_af.csv,2,0,Futrell,IPA,True,False,0.2,4,2.0740,2.2384,9.37823555144767,154.01620483398438,0.5,2-0
data/processed/,LSTM,True,False,68,512,2,0.5,0.5,False,0,5,25,0.2,False,0,True,False,200,results/grid_af/2-0,results/grid_af/summary_grid_af.csv,2,0,Futrell,IPA,True,False,0.2,5,2.0550,2.2321,9.319025361178346,157.50926971435547,0.5,2-0
data/processed/,LSTM,True,False,68,512,2,0.5,0.5,False,0,5,25,0.2,False,0,True,False,200,results/grid_af/2-0,results/grid_af/summary_grid_af.csv,2,0,Futrell,IPA,True,False,0.2,6,2.0367,2.2183,9.192032341874883,161.3412208557129,0.5,2-0
data/processed/,LSTM,True,False,68,512,2,0.5,0.5,False,0,5,25,0.2,False,0,True,False,200,results/grid_af/2-0,results/grid_af/summary_grid_af.csv,2,0,Futrell,IPA,True,False,0.2,7,2.0211,2.1826,8.869224697039375,154.68273901939392,0.5,2-0
data/processed/,LSTM,True,False,68,512,2,0.5,0.5,False,0,5,25,0.2,False,0,True,False,200,results/grid_af/2-0,results/grid_af/summary_grid_af.csv,2,0,Futrell,IPA,True,False,0.2,8,2.0060,2.1369,8.47314185119893,153.0322368144989,0.5,2-0
data/processed/,LSTM,True,False,68,512,2,0.5,0.5,False,0,5,25,0.2,False,0,True,False,200,results/grid_af/2-0,results/grid_af/summary_grid_af.csv,2,0,Futrell,IPA,True,False,0.2,9,1.9912,2.1578,8.651939438028611,153.31953692436218,0.5,2-0
data/processed/,LSTM,True,False,68,512,2,0.5,0.5,False,0,5,25,0.2,False,0,True,False,200,results/grid_af/2-0,results/grid_af/summary_grid_af.csv,2,0,Futrell,IPA,True,False,0.2,10,1.9354,2.1198,8.329126643439686,147.62389707565308,0.25,2-0
data/processed/,LSTM,True,False,68,512,2,0.5,0.5,False,0,5,25,0.2,False,0,True,False,200,results/grid_af/2-0,results/grid_af/summary_grid_af.csv,2,0,Futrell,IPA,True,False,0.2,11,1.9163,2.1336,8.445412221723405,161.43182396888733,0.25,2-0
data/processed/,LSTM,True,False,68,512,2,0.5,0.5,False,0,5,25,0.2,False,0,True,False,200,results/grid_af/2-0,results/grid_af/summary_grid_af.csv,2,0,Futrell,IPA,True,False,0.2,12,1.8770,2.1281,8.398676796030532,154.7720603942871,0.125,2-0
data/processed/,LSTM,True,False,68,512,2,0.5,0.5,False,0,5,25,0.2,False,0,True,False,200,results/grid_af/2-0,results/grid_af/summary_grid_af.csv,2,0,Futrell,IPA,True,False,0.2,13,1.8491,2.1378,8.480708686149026,154.9959831237793,0.0625,2-0
data/processed/,LSTM,True,False,68,512,2,0.5,0.5,False,0,5,25,0.2,False,0,True,False,200,results/grid_af/2-0,results/grid_af/summary_grid_af.csv,2,0,Futrell,IPA,True,False,0.2,14,1.8331,2.1324,8.434984483938798,152.30240607261658,0.03125,2-0
data/processed/,LSTM,True,False,68,512,2,0.5,0.5,False,0,5,25,0.2,False,0,True,False,200,results/grid_af/2-0,results/grid_af/summary_grid_af.csv,2,0,Futrell,IPA,True,False,0.2,15,1.8223,2.1285,8.402229806001635,158.32072925567627,0.015625,2-0
data/processed/,LSTM,True,False,68,512,2,0.5,0.5,False,0,5,25,0.2,False,0,True,False,200,results/grid_af/2-0,results/grid_af/summary_grid_af.csv,2,0,Futrell,IPA,True,False,0.2,16,1.8178,2.1245,8.368528827513595,155.8894374370575,0.0078125,2-0
data/processed/,LSTM,True,False,68,512,2,0.5,0.5,False,0,5,25,0.2,False,0,True,False,200,results/grid_af/2-0,results/grid_af/summary_grid_af.csv,2,0,Futrell,IPA,True,False,0.2,17,1.8144,2.1196,8.327732715478973,156.5696988105774,0.00390625,2-0
data/processed/,LSTM,True,False,68,512,2,0.5,0.5,False,0,5,25,0.2,False,0,True,False,200,results/grid_af/2-0,results/grid_af/summary_grid_af.csv,2,0,Futrell,IPA,True,False,0.2,18,1.8119,2.1173,8.308852321787876,154.64733815193176,0.001953125,2-0
data/processed/,LSTM,True,False,68,512,2,0.5,0.5,False,0,5,25,0.2,False,0,True,False,200,results/grid_af/2-0,results/grid_af/summary_grid_af.csv,2,0,Futrell,IPA,True,False,0.2,19,1.8114,2.1166,8.302561116146954,152.59270358085632,0.001953125,2-0
data/processed/,LSTM,True,False,68,512,2,0.5,0.5,False,0,5,25,0.2,False,0,True,False,200,results/grid_af/2-0,results/grid_af/summary_grid_af.csv,2,0,Futrell,IPA,True,False,0.2,20,1.8113,2.1157,8.295523073372312,152.22600293159485,0.001953125,2-0
data/processed/,LSTM,True,False,68,512,2,0.5,0.5,False,0,5,25,0.2,False,0,True,False,200,results/grid_af/2-0,results/grid_af/summary_grid_af.csv,2,0,Futrell,IPA,True,False,0.2,21,1.8108,2.1167,8.303766709927032,159.71273922920227,0.001953125,2-0
data/processed/,LSTM,True,False,68,512,2,0.5,0.5,False,0,5,25,0.2,False,0,True,False,200,results/grid_af/2-0,results/grid_af/summary_grid_af.csv,2,0,Futrell,IPA,True,False,0.2,22,1.8090,2.1155,8.293592958486261,155.6677176952362,0.0009765625,2-0
data/processed/,LSTM,True,False,68,512,2,0.5,0.5,False,0,5,25,0.2,False,0,True,False,200,results/grid_af/2-0,results/grid_af/summary_grid_af.csv,2,0,Futrell,IPA,True,False,0.2,23,1.8090,2.1152,8.291560495214041,152.78094744682312,0.0009765625,2-0
data/processed/,LSTM,True,False,68,512,2,0.5,0.5,False,0,5,25,0.2,False,0,True,False,200,results/grid_af/2-0,results/grid_af/summary_grid_af.csv,2,0,Futrell,IPA,True,False,0.2,24,1.8090,2.1152,8.291076178151684,154.24373173713684,0.0009765625,2-0
data/processed/,LSTM,True,False,68,512,2,0.5,0.5,False,0,5,25,0.2,False,0,True,False,200,results/grid_af/2-0,results/grid_af/summary_grid_af.csv,2,0,Futrell,IPA,True,False,0.2,25,1.8082,2.1150,8.2892814865055,155.05872702598572,0.00048828125,2-0
data/processed/,LSTM,True,False,68,512,2,0.5,1.0,False,0,5,25,0.2,False,0,True,False,200,results/grid_af/3-0,results/grid_af/summary_grid_af.csv,3,0,Futrell,IPA,True,False,0.2,1,2.2721,2.4293,11.35090737451489,156.20546102523804,0.5,3-0
data/processed/,LSTM,True,False,68,512,2,0.5,1.0,False,0,5,25,0.2,False,0,True,False,200,results/grid_af/3-0,results/grid_af/summary_grid_af.csv,3,0,Futrell,IPA,True,False,0.2,2,2.1384,2.3344,10.322992743513907,158.8510296344757,0.5,3-0
data/processed/,LSTM,True,False,68,512,2,0.5,1.0,False,0,5,25,0.2,False,0,True,False,200,results/grid_af/3-0,results/grid_af/summary_grid_af.csv,3,0,Futrell,IPA,True,False,0.2,3,2.1006,2.2912,9.88708860738492,154.19714260101318,0.5,3-0
data/processed/,LSTM,True,False,68,512,2,0.5,1.0,False,0,5,25,0.2,False,0,True,False,200,results/grid_af/3-0,results/grid_af/summary_grid_af.csv,3,0,Futrell,IPA,True,False,0.2,4,2.0756,2.2507,9.49468287964108,156.33273267745972,0.5,3-0
data/processed/,LSTM,True,False,68,512,2,0.5,1.0,False,0,5,25,0.2,False,0,True,False,200,results/grid_af/3-0,results/grid_af/summary_grid_af.csv,3,0,Futrell,IPA,True,False,0.2,5,2.0554,2.2103,9.118146876909998,156.5412793159485,0.5,3-0
data/processed/,LSTM,True,False,68,512,2,0.5,1.0,False,0,5,25,0.2,False,0,True,False,200,results/grid_af/3-0,results/grid_af/summary_grid_af.csv,3,0,Futrell,IPA,True,False,0.2,6,2.0380,2.2203,9.209967940566301,156.17478799819946,0.5,3-0
data/processed/,LSTM,True,False,68,512,2,0.5,1.0,False,0,5,25,0.2,False,0,True,False,200,results/grid_af/3-0,results/grid_af/summary_grid_af.csv,3,0,Futrell,IPA,True,False,0.2,7,2.0217,2.2048,9.068190231903877,155.25987100601196,0.5,3-0
data/processed/,LSTM,True,False,68,512,2,0.5,1.0,False,0,5,25,0.2,False,0,True,False,200,results/grid_af/3-0,results/grid_af/summary_grid_af.csv,3,0,Futrell,IPA,True,False,0.2,8,2.0069,2.1692,8.751469591954628,152.60759019851685,0.5,3-0
data/processed/,LSTM,True,False,68,512,2,0.5,1.0,False,0,5,25,0.2,False,0,True,False,200,results/grid_af/3-0,results/grid_af/summary_grid_af.csv,3,0,Futrell,IPA,True,False,0.2,9,1.9914,2.1966,8.994446679705161,152.11909770965576,0.5,3-0
data/processed/,LSTM,True,False,68,512,2,0.5,1.0,False,0,5,25,0.2,False,0,True,False,200,results/grid_af/3-0,results/grid_af/summary_grid_af.csv,3,0,Futrell,IPA,True,False,0.2,10,1.9771,2.1712,8.768430578191328,149.3127155303955,0.5,3-0
data/processed/,LSTM,True,False,68,512,2,0.5,1.0,False,0,5,25,0.2,False,0,True,False,200,results/grid_af/3-0,results/grid_af/summary_grid_af.csv,3,0,Futrell,IPA,True,False,0.2,11,1.9642,2.1369,8.473079226642698,159.07163095474243,0.5,3-0
data/processed/,LSTM,True,False,68,512,2,0.5,1.0,False,0,5,25,0.2,False,0,True,False,200,results/grid_af/3-0,results/grid_af/summary_grid_af.csv,3,0,Futrell,IPA,True,False,0.2,12,1.9507,2.1698,8.756637323175704,157.510968208313,0.5,3-0
data/processed/,LSTM,True,False,68,512,2,0.5,1.0,False,0,5,25,0.2,False,0,True,False,200,results/grid_af/3-0,results/grid_af/summary_grid_af.csv,3,0,Futrell,IPA,True,False,0.2,13,1.9400,2.1869,8.90782355014384,152.96174597740173,0.5,3-0
data/processed/,LSTM,True,False,68,512,2,0.5,1.0,False,0,5,25,0.2,False,0,True,False,200,results/grid_af/3-0,results/grid_af/summary_grid_af.csv,3,0,Futrell,IPA,True,False,0.2,14,1.9314,2.2214,9.219948989201109,154.6329312324524,0.5,3-0
data/processed/,LSTM,True,False,68,512,2,0.5,1.0,False,0,5,25,0.2,False,0,True,False,200,results/grid_af/3-0,results/grid_af/summary_grid_af.csv,3,0,Futrell,IPA,True,False,0.2,15,1.9235,2.1862,8.901197665056822,161.94396710395813,0.5,3-0
data/processed/,LSTM,True,False,68,512,2,0.5,1.0,False,0,5,25,0.2,False,0,True,False,200,results/grid_af/3-0,results/grid_af/summary_grid_af.csv,3,0,Futrell,IPA,True,False,0.2,16,1.9163,2.2920,9.89495321448065,152.88096451759338,0.5,3-0
data/processed/,LSTM,True,False,68,512,2,0.5,1.0,False,0,5,25,0.2,False,0,True,False,200,results/grid_af/3-0,results/grid_af/summary_grid_af.csv,3,0,Futrell,IPA,True,False,0.2,17,1.9111,2.2421,9.412727916630743,153.70645189285278,0.5,3-0
data/processed/,LSTM,True,False,68,512,2,0.5,1.0,False,0,5,25,0.2,False,0,True,False,200,results/grid_af/3-0,results/grid_af/summary_grid_af.csv,3,0,Futrell,IPA,True,False,0.2,18,1.9074,2.3417,10.398550901420476,150.4003713130951,0.5,3-0
data/processed/,LSTM,True,False,68,512,2,0.5,1.0,False,0,5,25,0.2,False,0,True,False,200,results/grid_af/3-0,results/grid_af/summary_grid_af.csv,3,0,Futrell,IPA,True,False,0.2,19,1.9014,2.2477,9.465593599652294,156.1211268901825,0.5,3-0
data/processed/,LSTM,True,False,68,512,2,0.5,1.0,False,0,5,25,0.2,False,0,True,False,200,results/grid_af/3-0,results/grid_af/summary_grid_af.csv,3,0,Futrell,IPA,True,False,0.2,20,1.9023,2.2466,9.456004915998866,152.2599320411682,0.5,3-0
data/processed/,LSTM,True,False,68,512,2,0.5,1.0,False,0,5,25,0.2,False,0,True,False,200,results/grid_af/3-0,results/grid_af/summary_grid_af.csv,3,0,Futrell,IPA,True,False,0.2,21,1.9007,2.2518,9.505069925702204,160.0686776638031,0.5,3-0
data/processed/,LSTM,True,False,68,512,2,0.5,1.0,False,0,5,25,0.2,False,0,True,False,200,results/grid_af/3-0,results/grid_af/summary_grid_af.csv,3,0,Futrell,IPA,True,False,0.2,22,1.9023,2.2933,9.907974795076289,158.97400093078613,0.5,3-0
data/processed/,LSTM,True,False,68,512,2,0.5,1.0,False,0,5,25,0.2,False,0,True,False,200,results/grid_af/3-0,results/grid_af/summary_grid_af.csv,3,0,Futrell,IPA,True,False,0.2,23,1.9011,2.2896,9.871347545116773,150.7040786743164,0.5,3-0
data/processed/,LSTM,True,False,68,512,2,0.5,1.0,False,0,5,25,0.2,False,0,True,False,200,results/grid_af/3-0,results/grid_af/summary_grid_af.csv,3,0,Futrell,IPA,True,False,0.2,24,1.9010,2.2551,9.536156055622575,152.91885232925415,0.5,3-0
data/processed/,LSTM,True,False,68,512,2,0.5,1.0,False,0,5,25,0.2,False,0,True,False,200,results/grid_af/3-0,results/grid_af/summary_grid_af.csv,3,0,Futrell,IPA,True,False,0.2,25,1.9035,2.2455,9.44552510729518,156.3083837032318,0.5,3-0
data/processed/,LSTM,False,False,68,512,2,0.5,0,False,0,5,25,0.2,False,0,True,False,200,results/grid_af/4-0,results/grid_af/summary_grid_af.csv,4,0,Futrell,IPA,True,False,0.2,1,2.2254,2.2304,9.303891456244662,163.50498986244202,0.5,4-0
data/processed/,LSTM,False,False,68,512,2,0.5,0,False,0,5,25,0.2,False,0,True,False,200,results/grid_af/4-0,results/grid_af/summary_grid_af.csv,4,0,Futrell,IPA,True,False,0.2,2,2.1085,2.1592,8.664054386202654,159.3823254108429,0.5,4-0
data/processed/,LSTM,False,False,68,512,2,0.5,0,False,0,5,25,0.2,False,0,True,False,200,results/grid_af/4-0,results/grid_af/summary_grid_af.csv,4,0,Futrell,IPA,True,False,0.2,3,2.0738,2.1275,8.394226638929133,154.8404438495636,0.5,4-0
data/processed/,LSTM,False,False,68,512,2,0.5,0,False,0,5,25,0.2,False,0,True,False,200,results/grid_af/4-0,results/grid_af/summary_grid_af.csv,4,0,Futrell,IPA,True,False,0.2,4,2.0510,2.1165,8.302276075225347,154.50081968307495,0.5,4-0
data/processed/,LSTM,False,False,68,512,2,0.5,0,False,0,5,25,0.2,False,0,True,False,200,results/grid_af/4-0,results/grid_af/summary_grid_af.csv,4,0,Futrell,IPA,True,False,0.2,5,2.0314,2.1051,8.207917204466408,153.63938879966736,0.5,4-0
data/processed/,LSTM,False,False,68,512,2,0.5,0,False,0,5,25,0.2,False,0,True,False,200,results/grid_af/4-0,results/grid_af/summary_grid_af.csv,4,0,Futrell,IPA,True,False,0.2,6,2.0121,2.1109,8.255441074148521,154.79250073432922,0.5,4-0
data/processed/,LSTM,False,False,68,512,2,0.5,0,False,0,5,25,0.2,False,0,True,False,200,results/grid_af/4-0,results/grid_af/summary_grid_af.csv,4,0,Futrell,IPA,True,False,0.2,7,1.9955,2.1109,8.255441074148521,152.10833168029785,0.0,4-0
data/processed/,LSTM,False,False,68,512,2,0.5,0,False,0,5,25,0.2,False,0,True,False,200,results/grid_af/4-0,results/grid_af/summary_grid_af.csv,4,0,Futrell,IPA,True,False,0.2,8,1.9950,2.1109,8.255441074148521,154.22172260284424,0.0,4-0
data/processed/,LSTM,False,False,68,512,2,0.5,0,False,0,5,25,0.2,False,0,True,False,200,results/grid_af/4-0,results/grid_af/summary_grid_af.csv,4,0,Futrell,IPA,True,False,0.2,9,1.9940,2.1109,8.255441074148521,152.6471631526947,0.0,4-0
data/processed/,LSTM,False,False,68,512,2,0.5,0,False,0,5,25,0.2,False,0,True,False,200,results/grid_af/4-0,results/grid_af/summary_grid_af.csv,4,0,Futrell,IPA,True,False,0.2,10,1.9953,2.1109,8.255441074148521,155.37075924873352,0.0,4-0
data/processed/,LSTM,False,False,68,512,2,0.5,0,False,0,5,25,0.2,False,0,True,False,200,results/grid_af/4-0,results/grid_af/summary_grid_af.csv,4,0,Futrell,IPA,True,False,0.2,11,1.9944,2.1109,8.255441074148521,152.97608613967896,0.0,4-0
data/processed/,LSTM,False,False,68,512,2,0.5,0,False,0,5,25,0.2,False,0,True,False,200,results/grid_af/4-0,results/grid_af/summary_grid_af.csv,4,0,Futrell,IPA,True,False,0.2,12,1.9935,2.1109,8.255441074148521,157.03066205978394,0.0,4-0
data/processed/,LSTM,False,False,68,512,2,0.5,0,False,0,5,25,0.2,False,0,True,False,200,results/grid_af/4-0,results/grid_af/summary_grid_af.csv,4,0,Futrell,IPA,True,False,0.2,13,1.9947,2.1109,8.255441074148521,158.0121307373047,0.0,4-0
data/processed/,LSTM,False,False,68,512,2,0.5,0,False,0,5,25,0.2,False,0,True,False,200,results/grid_af/4-0,results/grid_af/summary_grid_af.csv,4,0,Futrell,IPA,True,False,0.2,14,1.9944,2.1109,8.255441074148521,155.9191677570343,0.0,4-0
data/processed/,LSTM,False,False,68,512,2,0.5,0,False,0,5,25,0.2,False,0,True,False,200,results/grid_af/4-0,results/grid_af/summary_grid_af.csv,4,0,Futrell,IPA,True,False,0.2,15,1.9943,2.1109,8.255441074148521,155.18272995948792,0.0,4-0
data/processed/,LSTM,False,False,68,512,2,0.5,0,False,0,5,25,0.2,False,0,True,False,200,results/grid_af/4-0,results/grid_af/summary_grid_af.csv,4,0,Futrell,IPA,True,False,0.2,16,1.9936,2.1109,8.255441074148521,147.08359146118164,0.0,4-0
data/processed/,LSTM,False,False,68,512,2,0.5,0,False,0,5,25,0.2,False,0,True,False,200,results/grid_af/4-0,results/grid_af/summary_grid_af.csv,4,0,Futrell,IPA,True,False,0.2,17,1.9943,2.1109,8.255441074148521,148.5190830230713,0.0,4-0
data/processed/,LSTM,False,False,68,512,2,0.5,0,False,0,5,25,0.2,False,0,True,False,200,results/grid_af/4-0,results/grid_af/summary_grid_af.csv,4,0,Futrell,IPA,True,False,0.2,18,1.9952,2.1109,8.255441074148521,154.39525198936462,0.0,4-0
data/processed/,LSTM,False,False,68,512,2,0.5,0,False,0,5,25,0.2,False,0,True,False,200,results/grid_af/4-0,results/grid_af/summary_grid_af.csv,4,0,Futrell,IPA,True,False,0.2,19,1.9952,2.1109,8.255441074148521,154.82336950302124,0.0,4-0
data/processed/,LSTM,False,False,68,512,2,0.5,0,False,0,5,25,0.2,False,0,True,False,200,results/grid_af/4-0,results/grid_af/summary_grid_af.csv,4,0,Futrell,IPA,True,False,0.2,20,1.9944,2.1109,8.255441074148521,153.6257770061493,0.0,4-0
data/processed/,LSTM,False,False,68,512,2,0.5,0,False,0,5,25,0.2,False,0,True,False,200,results/grid_af/4-0,results/grid_af/summary_grid_af.csv,4,0,Futrell,IPA,True,False,0.2,21,1.9946,2.1109,8.255441074148521,156.19333338737488,0.0,4-0
data/processed/,LSTM,False,False,68,512,2,0.5,0,False,0,5,25,0.2,False,0,True,False,200,results/grid_af/4-0,results/grid_af/summary_grid_af.csv,4,0,Futrell,IPA,True,False,0.2,22,1.9940,2.1109,8.255441074148521,156.2600600719452,0.0,4-0
data/processed/,LSTM,False,False,68,512,2,0.5,0,False,0,5,25,0.2,False,0,True,False,200,results/grid_af/4-0,results/grid_af/summary_grid_af.csv,4,0,Futrell,IPA,True,False,0.2,23,1.9953,2.1109,8.255441074148521,156.86815404891968,0.0,4-0
data/processed/,LSTM,False,False,68,512,2,0.5,0,False,0,5,25,0.2,False,0,True,False,200,results/grid_af/4-0,results/grid_af/summary_grid_af.csv,4,0,Futrell,IPA,True,False,0.2,24,1.9937,2.1109,8.255441074148521,157.6651327610016,0.0,4-0
data/processed/,LSTM,False,False,68,512,2,0.5,0,False,0,5,25,0.2,False,0,True,False,200,results/grid_af/4-0,results/grid_af/summary_grid_af.csv,4,0,Futrell,IPA,True,False,0.2,25,1.9949,2.1109,8.255441074148521,154.3340663909912,0.0,4-0
data/processed/,LSTM,False,False,68,512,2,0.5,0.25,False,0,5,25,0.2,False,0,True,False,200,results/grid_af/5-0,results/grid_af/summary_grid_af.csv,5,0,Futrell,IPA,True,False,0.2,1,2.2274,2.2100,9.115362490594865,152.14324140548706,0.5,5-0
data/processed/,LSTM,False,False,68,512,2,0.5,0.25,False,0,5,25,0.2,False,0,True,False,200,results/grid_af/5-0,results/grid_af/summary_grid_af.csv,5,0,Futrell,IPA,True,False,0.2,2,2.1119,2.1511,8.593931285401204,156.80870127677917,0.5,5-0
data/processed/,LSTM,False,False,68,512,2,0.5,0.25,False,0,5,25,0.2,False,0,True,False,200,results/grid_af/5-0,results/grid_af/summary_grid_af.csv,5,0,Futrell,IPA,True,False,0.2,3,2.0778,2.1348,8.45554440344956,159.37505769729614,0.5,5-0
data/processed/,LSTM,False,False,68,512,2,0.5,0.25,False,0,5,25,0.2,False,0,True,False,200,results/grid_af/5-0,results/grid_af/summary_grid_af.csv,5,0,Futrell,IPA,True,False,0.2,4,2.0543,2.1041,8.199485256545787,157.8973786830902,0.5,5-0
data/processed/,LSTM,False,False,68,512,2,0.5,0.25,False,0,5,25,0.2,False,0,True,False,200,results/grid_af/5-0,results/grid_af/summary_grid_af.csv,5,0,Futrell,IPA,True,False,0.2,5,2.0337,2.0938,8.11588453075781,159.93959379196167,0.5,5-0
data/processed/,LSTM,False,False,68,512,2,0.5,0.25,False,0,5,25,0.2,False,0,True,False,200,results/grid_af/5-0,results/grid_af/summary_grid_af.csv,5,0,Futrell,IPA,True,False,0.2,6,2.0156,2.1050,8.206878145743039,152.37115573883057,0.5,5-0
data/processed/,LSTM,False,False,68,512,2,0.5,0.25,False,0,5,25,0.2,False,0,True,False,200,results/grid_af/5-0,results/grid_af/summary_grid_af.csv,5,0,Futrell,IPA,True,False,0.2,7,1.9481,2.0629,7.868876737895839,152.28896927833557,0.125,5-0
data/processed/,LSTM,False,False,68,512,2,0.5,0.25,False,0,5,25,0.2,False,0,True,False,200,results/grid_af/5-0,results/grid_af/summary_grid_af.csv,5,0,Futrell,IPA,True,False,0.2,8,1.9273,2.0661,7.893616099932641,151.7148723602295,0.125,5-0
data/processed/,LSTM,False,False,68,512,2,0.5,0.25,False,0,5,25,0.2,False,0,True,False,200,results/grid_af/5-0,results/grid_af/summary_grid_af.csv,5,0,Futrell,IPA,True,False,0.2,9,1.8980,2.0609,7.853202658664491,156.24464201927185,0.03125,5-0
data/processed/,LSTM,False,False,68,512,2,0.5,0.25,False,0,5,25,0.2,False,0,True,False,200,results/grid_af/5-0,results/grid_af/summary_grid_af.csv,5,0,Futrell,IPA,True,False,0.2,10,1.8910,2.0608,7.852026911251872,154.8258237838745,0.03125,5-0
data/processed/,LSTM,False,False,68,512,2,0.5,0.25,False,0,5,25,0.2,False,0,True,False,200,results/grid_af/5-0,results/grid_af/summary_grid_af.csv,5,0,Futrell,IPA,True,False,0.2,11,1.8787,2.0575,7.826667716591035,156.59056639671326,0.0078125,5-0
data/processed/,LSTM,False,False,68,512,2,0.5,0.25,False,0,5,25,0.2,False,0,True,False,200,results/grid_af/5-0,results/grid_af/summary_grid_af.csv,5,0,Futrell,IPA,True,False,0.2,12,1.8772,2.0561,7.815656603679986,153.28815746307373,0.0078125,5-0
data/processed/,LSTM,False,False,68,512,2,0.5,0.25,False,0,5,25,0.2,False,0,True,False,200,results/grid_af/5-0,results/grid_af/summary_grid_af.csv,5,0,Futrell,IPA,True,False,0.2,13,1.8745,2.0569,7.821606833143716,155.86285591125488,0.0078125,5-0
data/processed/,LSTM,False,False,68,512,2,0.5,0.25,False,0,5,25,0.2,False,0,True,False,200,results/grid_af/5-0,results/grid_af/summary_grid_af.csv,5,0,Futrell,IPA,True,False,0.2,14,1.8716,2.0548,7.805500237164219,153.3620846271515,0.001953125,5-0
data/processed/,LSTM,False,False,68,512,2,0.5,0.25,False,0,5,25,0.2,False,0,True,False,200,results/grid_af/5-0,results/grid_af/summary_grid_af.csv,5,0,Futrell,IPA,True,False,0.2,15,1.8716,2.0541,7.79952878865597,153.00033450126648,0.001953125,5-0
data/processed/,LSTM,False,False,68,512,2,0.5,0.25,False,0,5,25,0.2,False,0,True,False,200,results/grid_af/5-0,results/grid_af/summary_grid_af.csv,5,0,Futrell,IPA,True,False,0.2,16,1.8699,2.0539,7.798009682161738,158.76292276382446,0.001953125,5-0
data/processed/,LSTM,False,False,68,512,2,0.5,0.25,False,0,5,25,0.2,False,0,True,False,200,results/grid_af/5-0,results/grid_af/summary_grid_af.csv,5,0,Futrell,IPA,True,False,0.2,17,1.8699,2.0535,7.795143337508906,151.79825353622437,0.00048828125,5-0
data/processed/,LSTM,False,False,68,512,2,0.5,0.25,False,0,5,25,0.2,False,0,True,False,200,results/grid_af/5-0,results/grid_af/summary_grid_af.csv,5,0,Futrell,IPA,True,False,0.2,18,1.8700,2.0533,7.793422549989309,152.8877468109131,0.00048828125,5-0
data/processed/,LSTM,False,False,68,512,2,0.5,0.25,False,0,5,25,0.2,False,0,True,False,200,results/grid_af/5-0,results/grid_af/summary_grid_af.csv,5,0,Futrell,IPA,True,False,0.2,19,1.8700,2.0531,7.791746726940525,151.12487483024597,0.00048828125,5-0
data/processed/,LSTM,False,False,68,512,2,0.5,0.25,False,0,5,25,0.2,False,0,True,False,200,results/grid_af/5-0,results/grid_af/summary_grid_af.csv,5,0,Futrell,IPA,True,False,0.2,20,1.8698,2.0528,7.78969238472336,146.39635705947876,0.00048828125,5-0
data/processed/,LSTM,False,False,68,512,2,0.5,0.25,False,0,5,25,0.2,False,0,True,False,200,results/grid_af/5-0,results/grid_af/summary_grid_af.csv,5,0,Futrell,IPA,True,False,0.2,21,1.8681,2.0528,7.789762958923878,152.83629631996155,0.00048828125,5-0
data/processed/,LSTM,False,False,68,512,2,0.5,0.25,False,0,5,25,0.2,False,0,True,False,200,results/grid_af/5-0,results/grid_af/summary_grid_af.csv,5,0,Futrell,IPA,True,False,0.2,22,1.8687,2.0528,7.789484380272851,158.78404021263123,0.0001220703125,5-0
data/processed/,LSTM,False,False,68,512,2,0.5,0.25,False,0,5,25,0.2,False,0,True,False,200,results/grid_af/5-0,results/grid_af/summary_grid_af.csv,5,0,Futrell,IPA,True,False,0.2,23,1.8691,2.0527,7.789222525424765,159.7986216545105,3.0517578125e-05,5-0
data/processed/,LSTM,False,False,68,512,2,0.5,0.25,False,0,5,25,0.2,False,0,True,False,200,results/grid_af/5-0,results/grid_af/summary_grid_af.csv,5,0,Futrell,IPA,True,False,0.2,24,1.8691,2.0527,7.789016390566684,154.96071314811707,7.62939453125e-06,5-0
data/processed/,LSTM,False,False,68,512,2,0.5,0.25,False,0,5,25,0.2,False,0,True,False,200,results/grid_af/5-0,results/grid_af/summary_grid_af.csv,5,0,Futrell,IPA,True,False,0.2,25,1.8692,2.0527,7.788895683497669,151.59811687469482,1.9073486328125e-06,5-0
data/processed/,LSTM,False,False,68,512,2,0.5,0.5,False,0,5,25,0.2,False,0,True,False,200,results/grid_af/6-0,results/grid_af/summary_grid_af.csv,6,0,Futrell,IPA,True,False,0.2,1,2.2317,2.3384,10.364883338814364,158.43258428573608,0.5,6-0
data/processed/,LSTM,False,False,68,512,2,0.5,0.5,False,0,5,25,0.2,False,0,True,False,200,results/grid_af/6-0,results/grid_af/summary_grid_af.csv,6,0,Futrell,IPA,True,False,0.2,2,2.1154,2.2091,9.107218534921136,156.92470979690552,0.5,6-0
data/processed/,LSTM,False,False,68,512,2,0.5,0.5,False,0,5,25,0.2,False,0,True,False,200,results/grid_af/6-0,results/grid_af/summary_grid_af.csv,6,0,Futrell,IPA,True,False,0.2,3,2.0795,2.1769,8.818920172801153,152.67678880691528,0.5,6-0
data/processed/,LSTM,False,False,68,512,2,0.5,0.5,False,0,5,25,0.2,False,0,True,False,200,results/grid_af/6-0,results/grid_af/summary_grid_af.csv,6,0,Futrell,IPA,True,False,0.2,4,2.0557,2.1572,8.64646654336685,151.4619197845459,0.5,6-0
data/processed/,LSTM,False,False,68,512,2,0.5,0.5,False,0,5,25,0.2,False,0,True,False,200,results/grid_af/6-0,results/grid_af/summary_grid_af.csv,6,0,Futrell,IPA,True,False,0.2,5,2.0357,2.1421,8.51687958485088,159.43910479545593,0.5,6-0
data/processed/,LSTM,False,False,68,512,2,0.5,0.5,False,0,5,25,0.2,False,0,True,False,200,results/grid_af/6-0,results/grid_af/summary_grid_af.csv,6,0,Futrell,IPA,True,False,0.2,6,2.0177,2.1233,8.358405260648079,153.22983956336975,0.5,6-0
data/processed/,LSTM,False,False,68,512,2,0.5,0.5,False,0,5,25,0.2,False,0,True,False,200,results/grid_af/6-0,results/grid_af/summary_grid_af.csv,6,0,Futrell,IPA,True,False,0.2,7,2.0015,2.1279,8.397331290624857,156.639643907547,0.5,6-0
data/processed/,LSTM,False,False,68,512,2,0.5,0.5,False,0,5,25,0.2,False,0,True,False,200,results/grid_af/6-0,results/grid_af/summary_grid_af.csv,6,0,Futrell,IPA,True,False,0.2,8,1.9464,2.0967,8.139554733283843,153.02964568138123,0.25,6-0
data/processed/,LSTM,False,False,68,512,2,0.5,0.5,False,0,5,25,0.2,False,0,True,False,200,results/grid_af/6-0,results/grid_af/summary_grid_af.csv,6,0,Futrell,IPA,True,False,0.2,9,1.9264,2.1003,8.168601256973261,153.8423535823822,0.25,6-0
data/processed/,LSTM,False,False,68,512,2,0.5,0.5,False,0,5,25,0.2,False,0,True,False,200,results/grid_af/6-0,results/grid_af/summary_grid_af.csv,6,0,Futrell,IPA,True,False,0.2,10,1.8870,2.0998,8.164372281470683,153.45000195503235,0.125,6-0
data/processed/,LSTM,False,False,68,512,2,0.5,0.5,False,0,5,25,0.2,False,0,True,False,200,results/grid_af/6-0,results/grid_af/summary_grid_af.csv,6,0,Futrell,IPA,True,False,0.2,11,1.8566,2.1078,8.23032119130315,153.09790468215942,0.0625,6-0
data/processed/,LSTM,False,False,68,512,2,0.5,0.5,False,0,5,25,0.2,False,0,True,False,200,results/grid_af/6-0,results/grid_af/summary_grid_af.csv,6,0,Futrell,IPA,True,False,0.2,12,1.8387,2.1095,8.24370683887935,154.30915474891663,0.03125,6-0
data/processed/,LSTM,False,False,68,512,2,0.5,0.5,False,0,5,25,0.2,False,0,True,False,200,results/grid_af/6-0,results/grid_af/summary_grid_af.csv,6,0,Futrell,IPA,True,False,0.2,13,1.8292,2.1069,8.222773871728574,154.69308304786682,0.015625,6-0
data/processed/,LSTM,False,False,68,512,2,0.5,0.5,False,0,5,25,0.2,False,0,True,False,200,results/grid_af/6-0,results/grid_af/summary_grid_af.csv,6,0,Futrell,IPA,True,False,0.2,14,1.8223,2.1062,8.217307960514143,153.73015928268433,0.0078125,6-0
data/processed/,LSTM,False,False,68,512,2,0.5,0.5,False,0,5,25,0.2,False,0,True,False,200,results/grid_af/6-0,results/grid_af/summary_grid_af.csv,6,0,Futrell,IPA,True,False,0.2,15,1.8203,2.1033,8.193200676865938,159.06818294525146,0.00390625,6-0
data/processed/,LSTM,False,False,68,512,2,0.5,0.5,False,0,5,25,0.2,False,0,True,False,200,results/grid_af/6-0,results/grid_af/summary_grid_af.csv,6,0,Futrell,IPA,True,False,0.2,16,1.8180,2.1012,8.176069613950748,159.95000004768372,0.001953125,6-0
data/processed/,LSTM,False,False,68,512,2,0.5,0.5,False,0,5,25,0.2,False,0,True,False,200,results/grid_af/6-0,results/grid_af/summary_grid_af.csv,6,0,Futrell,IPA,True,False,0.2,17,1.8161,2.1003,8.16825265362339,155.7927839756012,0.0009765625,6-0
data/processed/,LSTM,False,False,68,512,2,0.5,0.5,False,0,5,25,0.2,False,0,True,False,200,results/grid_af/6-0,results/grid_af/summary_grid_af.csv,6,0,Futrell,IPA,True,False,0.2,18,1.8157,2.0998,8.164216559912676,151.10888242721558,0.00048828125,6-0
data/processed/,LSTM,False,False,68,512,2,0.5,0.5,False,0,5,25,0.2,False,0,True,False,200,results/grid_af/6-0,results/grid_af/summary_grid_af.csv,6,0,Futrell,IPA,True,False,0.2,19,1.8170,2.0993,8.160736957999225,156.74641060829163,0.000244140625,6-0
data/processed/,LSTM,False,False,68,512,2,0.5,0.5,False,0,5,25,0.2,False,0,True,False,200,results/grid_af/6-0,results/grid_af/summary_grid_af.csv,6,0,Futrell,IPA,True,False,0.2,20,1.8158,2.0992,8.159890634867123,149.6572780609131,0.0001220703125,6-0
data/processed/,LSTM,False,False,68,512,2,0.5,0.5,False,0,5,25,0.2,False,0,True,False,200,results/grid_af/6-0,results/grid_af/summary_grid_af.csv,6,0,Futrell,IPA,True,False,0.2,21,1.8161,2.0992,8.15924281922985,156.96620917320251,6.103515625e-05,6-0
data/processed/,LSTM,False,False,68,512,2,0.5,0.5,False,0,5,25,0.2,False,0,True,False,200,results/grid_af/6-0,results/grid_af/summary_grid_af.csv,6,0,Futrell,IPA,True,False,0.2,22,1.8161,2.0991,8.158618396983888,150.9244043827057,3.0517578125e-05,6-0
data/processed/,LSTM,False,False,68,512,2,0.5,0.5,False,0,5,25,0.2,False,0,True,False,200,results/grid_af/6-0,results/grid_af/summary_grid_af.csv,6,0,Futrell,IPA,True,False,0.2,23,1.8167,2.0990,8.158279945084464,154.2305302619934,1.52587890625e-05,6-0
data/processed/,LSTM,False,False,68,512,2,0.5,0.5,False,0,5,25,0.2,False,0,True,False,200,results/grid_af/6-0,results/grid_af/summary_grid_af.csv,6,0,Futrell,IPA,True,False,0.2,24,1.8159,2.0990,8.15795706727879,152.77531909942627,7.62939453125e-06,6-0
data/processed/,LSTM,False,False,68,512,2,0.5,0.5,False,0,5,25,0.2,False,0,True,False,200,results/grid_af/6-0,results/grid_af/summary_grid_af.csv,6,0,Futrell,IPA,True,False,0.2,25,1.8164,2.0990,8.15777618349065,154.18621921539307,3.814697265625e-06,6-0
data/processed/,LSTM,False,False,68,512,2,0.5,1.0,False,0,5,25,0.2,False,0,True,False,200,results/grid_af/7-0,results/grid_af/summary_grid_af.csv,7,0,Futrell,IPA,True,False,0.2,1,2.2286,2.1919,8.952330085530019,152.03366684913635,0.5,7-0
data/processed/,LSTM,False,False,68,512,2,0.5,1.0,False,0,5,25,0.2,False,0,True,False,200,results/grid_af/7-0,results/grid_af/summary_grid_af.csv,7,0,Futrell,IPA,True,False,0.2,2,2.1116,2.1325,8.435652181293346,152.96810960769653,0.5,7-0
data/processed/,LSTM,False,False,68,512,2,0.5,1.0,False,0,5,25,0.2,False,0,True,False,200,results/grid_af/7-0,results/grid_af/summary_grid_af.csv,7,0,Futrell,IPA,True,False,0.2,3,2.0761,2.1040,8.1985352255102,158.40735268592834,0.5,7-0
data/processed/,LSTM,False,False,68,512,2,0.5,1.0,False,0,5,25,0.2,False,0,True,False,200,results/grid_af/7-0,results/grid_af/summary_grid_af.csv,7,0,Futrell,IPA,True,False,0.2,4,2.0524,2.0906,8.090126435700421,155.87846732139587,0.5,7-0
data/processed/,LSTM,False,False,68,512,2,0.5,1.0,False,0,5,25,0.2,False,0,True,False,200,results/grid_af/7-0,results/grid_af/summary_grid_af.csv,7,0,Futrell,IPA,True,False,0.2,5,2.0330,2.0802,8.005693599138175,153.3560860157013,0.5,7-0
data/processed/,LSTM,False,False,68,512,2,0.5,1.0,False,0,5,25,0.2,False,0,True,False,200,results/grid_af/7-0,results/grid_af/summary_grid_af.csv,7,0,Futrell,IPA,True,False,0.2,6,2.0141,2.0798,8.00297606300108,154.56137228012085,0.5,7-0
data/processed/,LSTM,False,False,68,512,2,0.5,1.0,False,0,5,25,0.2,False,0,True,False,200,results/grid_af/7-0,results/grid_af/summary_grid_af.csv,7,0,Futrell,IPA,True,False,0.2,7,1.9972,2.0751,7.965521032006379,151.16435527801514,0.5,7-0
data/processed/,LSTM,False,False,68,512,2,0.5,1.0,False,0,5,25,0.2,False,0,True,False,200,results/grid_af/7-0,results/grid_af/summary_grid_af.csv,7,0,Futrell,IPA,True,False,0.2,8,1.9829,2.0780,7.9881565566662225,154.0300314426422,0.5,7-0
data/processed/,LSTM,False,False,68,512,2,0.5,1.0,False,0,5,25,0.2,False,0,True,False,200,results/grid_af/7-0,results/grid_af/summary_grid_af.csv,7,0,Futrell,IPA,True,False,0.2,9,1.9687,2.0956,8.130235388169172,147.60166239738464,0.5,7-0
data/processed/,LSTM,False,False,68,512,2,0.5,1.0,False,0,5,25,0.2,False,0,True,False,200,results/grid_af/7-0,results/grid_af/summary_grid_af.csv,7,0,Futrell,IPA,True,False,0.2,10,1.9566,2.0856,8.049516750538439,153.72198367118835,0.5,7-0
data/processed/,LSTM,False,False,68,512,2,0.5,1.0,False,0,5,25,0.2,False,0,True,False,200,results/grid_af/7-0,results/grid_af/summary_grid_af.csv,7,0,Futrell,IPA,True,False,0.2,11,1.9474,2.0972,8.142959294468305,148.84597539901733,0.5,7-0
data/processed/,LSTM,False,False,68,512,2,0.5,1.0,False,0,5,25,0.2,False,0,True,False,200,results/grid_af/7-0,results/grid_af/summary_grid_af.csv,7,0,Futrell,IPA,True,False,0.2,12,1.9389,2.1012,8.175652468635946,155.13963723182678,0.5,7-0
data/processed/,LSTM,False,False,68,512,2,0.5,1.0,False,0,5,25,0.2,False,0,True,False,200,results/grid_af/7-0,results/grid_af/summary_grid_af.csv,7,0,Futrell,IPA,True,False,0.2,13,1.9315,2.1047,8.204493308871134,156.15906476974487,0.5,7-0
data/processed/,LSTM,False,False,68,512,2,0.5,1.0,False,0,5,25,0.2,False,0,True,False,200,results/grid_af/7-0,results/grid_af/summary_grid_af.csv,7,0,Futrell,IPA,True,False,0.2,14,1.9271,2.1104,8.251438623128488,150.92668676376343,0.5,7-0
data/processed/,LSTM,False,False,68,512,2,0.5,1.0,False,0,5,25,0.2,False,0,True,False,200,results/grid_af/7-0,results/grid_af/summary_grid_af.csv,7,0,Futrell,IPA,True,False,0.2,15,1.9233,2.1236,8.361385026327246,154.22265911102295,0.5,7-0
data/processed/,LSTM,False,False,68,512,2,0.5,1.0,False,0,5,25,0.2,False,0,True,False,200,results/grid_af/7-0,results/grid_af/summary_grid_af.csv,7,0,Futrell,IPA,True,False,0.2,16,1.9213,2.1070,8.223446337712048,158.22500491142273,0.5,7-0
data/processed/,LSTM,False,False,68,512,2,0.5,1.0,False,0,5,25,0.2,False,0,True,False,200,results/grid_af/7-0,results/grid_af/summary_grid_af.csv,7,0,Futrell,IPA,True,False,0.2,17,1.9201,2.1211,8.34012142781907,151.70229744911194,0.5,7-0
data/processed/,LSTM,False,False,68,512,2,0.5,1.0,False,0,5,25,0.2,False,0,True,False,200,results/grid_af/7-0,results/grid_af/summary_grid_af.csv,7,0,Futrell,IPA,True,False,0.2,18,1.9205,2.1279,8.397359319788759,151.79481863975525,0.5,7-0
data/processed/,LSTM,False,False,68,512,2,0.5,1.0,False,0,5,25,0.2,False,0,True,False,200,results/grid_af/7-0,results/grid_af/summary_grid_af.csv,7,0,Futrell,IPA,True,False,0.2,19,1.9221,2.1492,8.578072697535863,158.0584592819214,0.5,7-0
data/processed/,LSTM,False,False,68,512,2,0.5,1.0,False,0,5,25,0.2,False,0,True,False,200,results/grid_af/7-0,results/grid_af/summary_grid_af.csv,7,0,Futrell,IPA,True,False,0.2,20,1.9204,2.1395,8.495469682707284,147.1067442893982,0.5,7-0
data/processed/,LSTM,False,False,68,512,2,0.5,1.0,False,0,5,25,0.2,False,0,True,False,200,results/grid_af/7-0,results/grid_af/summary_grid_af.csv,7,0,Futrell,IPA,True,False,0.2,21,1.9247,2.2202,9.209173085323664,149.7650203704834,0.5,7-0
data/processed/,LSTM,False,False,68,512,2,0.5,1.0,False,0,5,25,0.2,False,0,True,False,200,results/grid_af/7-0,results/grid_af/summary_grid_af.csv,7,0,Futrell,IPA,True,False,0.2,22,1.9240,2.1904,8.939151326473597,152.6663544178009,0.5,7-0
data/processed/,LSTM,False,False,68,512,2,0.5,1.0,False,0,5,25,0.2,False,0,True,False,200,results/grid_af/7-0,results/grid_af/summary_grid_af.csv,7,0,Futrell,IPA,True,False,0.2,23,1.9270,2.2380,9.375016342436837,163.98244857788086,0.5,7-0
data/processed/,LSTM,False,False,68,512,2,0.5,1.0,False,0,5,25,0.2,False,0,True,False,200,results/grid_af/7-0,results/grid_af/summary_grid_af.csv,7,0,Futrell,IPA,True,False,0.2,24,1.9287,2.2274,9.275490649915275,149.98363709449768,0.5,7-0
data/processed/,LSTM,False,False,68,512,2,0.5,1.0,False,0,5,25,0.2,False,0,True,False,200,results/grid_af/7-0,results/grid_af/summary_grid_af.csv,7,0,Futrell,IPA,True,False,0.2,25,1.9351,2.1853,8.893249291701842,155.4642870426178,0.5,7-0
